,unique_id,city,job_qry,job_title,company_name,location,summary,salary,link,date,full_text
1,pj_7dfb0ec0c64b2518,Bengaluru,data+scientist+intern,MBA Marketing Intern,Analytics Saves at Work (aSaw),NOT_FOUND,NOT_FOUND,NOT_FOUND,/pagead/clk?mo=r&ad=-6NYlbfkN0DdajEbCx-KXIxdKnFi7XLqE9Qtjjzr22qLs4cyUK8MQDkrXIa-bYN_NjjpaSV35xRaiFU97SD0L02C_593uQgUhKWGQisY23e0upYzQ7KT5hQ1z-gAMaIY9_HVIudLxwWWNJCDT15UxJxpwOEzSP2Gi0hTLvjNxUfpo0fenB7Ew0Y1XNOTLfzuMa8Ug3lNwi_zK_SfOphUeCeV_c-Z2bpltPHGWvf5YGvTendMwlV1-WAPzjJpYNasQXJkLEu_P0R_AwgPMJzWBPePX1WtRGXBLSIZo52DcVSsHUVSDZG0hTbCJmpZuScQ2DsyPEVWjNJ2PdL_JzHNTFrSnf5NrmBzpsjzhuogfAG_egb7SyZM396AyAvER2AUzY796QzsA8xkW6wD6Wxz3cWNbQ65-nOdJ5RLKU_mXCWkCOd4KRE8LnWIxIP99rF_&p=0&fvj=1&vjs=3,NOT_FOUND,NOT_FOUND
2,p_7b4d7501bd7d4fea,Bengaluru,data+scientist+intern,Data Science Intern,Unique Technologies,"Bengaluru, Karnataka",NOT_FOUND,NOT_FOUND,/company/Unique-Technologies/jobs/Data-Science-Intern-7b4d7501bd7d4fea?fccid=ae532c35a4f1f866&vjs=3,25 days ago,NOT_FOUND
3,p_0f869da83c245ac6,Bengaluru,data+scientist+intern,GO-FOOD Intern,GO-JEK,"Bengaluru, Karnataka",NOT_FOUND,NOT_FOUND,/rc/clk?jk=0f869da83c245ac6&fccid=35c79097c1f63f3d&vjs=3,1 day ago,NOT_FOUND
4,p_52b1ac12c18a91e7,Bengaluru,data+scientist+intern,Applied Scientist - Intern,ADCI - Karnataka,"Bengaluru, Karnataka",NOT_FOUND,NOT_FOUND,/rc/clk?jk=52b1ac12c18a91e7&fccid=fe2d21eef233e94a&vjs=3,5 months ago,NOT_FOUND
5,p_00071a9eb98a6221,Bengaluru,data+scientist+intern,Head of Campus and Early Career Hiring,Google,"Bengaluru, Karnataka",NOT_FOUND,NOT_FOUND,/rc/clk?jk=00071a9eb98a6221&fccid=a5b4499d9e91a5c6&vjs=3,2 days ago,NOT_FOUND
6,p_ddfc6571ea82e80b,Bengaluru,data+scientist+intern,Image Processing (Python) Internship,Gifto Retail Technologies,"Bengaluru, Karnataka",NOT_FOUND,NOT_FOUND,/rc/clk?jk=ddfc6571ea82e80b&fccid=016cfd9371c7c4ba&vjs=3,18 hours ago,NOT_FOUND
7,p_da58b630775c8146,Bengaluru,data+scientist+intern,"Senior Research Associate, Detergent Formulation Centre",Novozymes,"Bengaluru, Karnataka",NOT_FOUND,NOT_FOUND,/rc/clk?jk=da58b630775c8146&fccid=70bb6ba3b2bf0f0c&vjs=3,4 days ago,NOT_FOUND
8,p_b8abb52c927a4263,Bengaluru,data+scientist+intern,Software Development Internship,Dasceq LLP,"Bengaluru, Karnataka",NOT_FOUND,NOT_FOUND,/rc/clk?jk=b8abb52c927a4263&fccid=f369dddbcefd38a9&vjs=3,12 days ago,NOT_FOUND
9,p_51deab2906e6e143,Bengaluru,data+scientist+intern,Sales and Marketing Intern,Quaero,"Bengaluru, Karnataka",NOT_FOUND,NOT_FOUND,/rc/clk?jk=51deab2906e6e143&fccid=1658b5f10b7ecad4&vjs=3,17 days ago,NOT_FOUND
10,p_a9cf36affde393a5,Bengaluru,data+scientist+intern,HR Intern,Nabler,"Bengaluru, Karnataka",NOT_FOUND,NOT_FOUND,/rc/clk?jk=a9cf36affde393a5&fccid=21b643335ddde625&vjs=3,30+ days ago,NOT_FOUND
11,p_7b4d7501bd7d4fea,Bengaluru,data+scientist+intern,Data Science Intern,Unique Technologies,"Bengaluru, Karnataka",NOT_FOUND,NOT_FOUND,/company/Unique-Technologies/jobs/Data-Science-Intern-7b4d7501bd7d4fea?fccid=ae532c35a4f1f866&vjs=3,25 days ago,NOT_FOUND
12,p_0f869da83c245ac6,Bengaluru,data+scientist+intern,GO-FOOD Intern,GO-JEK,"Bengaluru, Karnataka",NOT_FOUND,NOT_FOUND,/rc/clk?jk=0f869da83c245ac6&fccid=35c79097c1f63f3d&vjs=3,1 day ago,NOT_FOUND
13,p_52b1ac12c18a91e7,Bengaluru,data+scientist+intern,Applied Scientist - Intern,ADCI - Karnataka,"Bengaluru, Karnataka",NOT_FOUND,NOT_FOUND,/rc/clk?jk=52b1ac12c18a91e7&fccid=fe2d21eef233e94a&vjs=3,30+ days ago,NOT_FOUND
14,p_00071a9eb98a6221,Bengaluru,data+scientist+intern,Head of Campus and Early Career Hiring,Google,"Bengaluru, Karnataka",NOT_FOUND,NOT_FOUND,/rc/clk?jk=00071a9eb98a6221&fccid=a5b4499d9e91a5c6&vjs=3,2 days ago,NOT_FOUND
15,p_ddfc6571ea82e80b,Bengaluru,data+scientist+intern,Image Processing (Python) Internship,Gifto Retail Technologies,"Bengaluru, Karnataka",NOT_FOUND,NOT_FOUND,/rc/clk?jk=ddfc6571ea82e80b&fccid=016cfd9371c7c4ba&vjs=3,18 hours ago,NOT_FOUND
16,p_da58b630775c8146,Bengaluru,data+scientist+intern,"Senior Research Associate, Detergent Formulation Centre",Novozymes,"Bengaluru, Karnataka",NOT_FOUND,NOT_FOUND,/rc/clk?jk=da58b630775c8146&fccid=70bb6ba3b2bf0f0c&vjs=3,4 days ago,NOT_FOUND
17,p_b8abb52c927a4263,Bengaluru,data+scientist+intern,Software Development Internship,Dasceq LLP,"Bengaluru, Karnataka",NOT_FOUND,NOT_FOUND,/rc/clk?jk=b8abb52c927a4263&fccid=f369dddbcefd38a9&vjs=3,12 days ago,NOT_FOUND
18,p_51deab2906e6e143,Bengaluru,data+scientist+intern,Sales and Marketing Intern,Quaero,"Bengaluru, Karnataka",NOT_FOUND,NOT_FOUND,/rc/clk?jk=51deab2906e6e143&fccid=1658b5f10b7ecad4&vjs=3,17 days ago,NOT_FOUND
19,p_a9cf36affde393a5,Bengaluru,data+scientist+intern,HR Intern,Nabler,"Bengaluru, Karnataka",NOT_FOUND,NOT_FOUND,/rc/clk?jk=a9cf36affde393a5&fccid=21b643335ddde625&vjs=3,30+ days ago,NOT_FOUND
20,pj_7dfb0ec0c64b2518,Bengaluru,data+scientist+intern,MBA Marketing Intern,Analytics Saves at Work (aSaw),NOT_FOUND,NOT_FOUND,NOT_FOUND,/pagead/clk?mo=r&ad=-6NYlbfkN0DdajEbCx-KXIxdKnFi7XLqE9Qtjjzr22qLs4cyUK8MQDkrXIa-bYN_NjjpaSV35xRaiFU97SD0L02C_593uQgUhKWGQisY23e0upYzQ7KT5hQ1z-gAMaIY9_HVIudLxwWWNJCDT15UxJxpwOEzSP2Gi0hTLvjNxUcQc3Cp0utDQFCkDNMYtGxzMbG5RCqwv5iEzUjvh-w_hFwcnp_RyVgH78QqOg0mgGtpvKnDnPGJ5vEMeeJF_Jt1cJxZzATMnk9BxPM59aa-5yVvwdvFIWoJL7nQCdcwm_sRUY886cY2f2EWwR9208bAEwTsyKJ74OjEA6OLBRwIPlr9XuBJz_utE8Bno8ASuqtGeAAYw-TiLqFd3aNix9NOOqQ3lgNc3GT32dMqSUyqbC0OHwA9Ykw3GK54hKUsrYs57HAxz_Aj6i24HiGLSiZj&p=9&fvj=1&vjs=3,NOT_FOUND,NOT_FOUND
21,p_7b4d7501bd7d4fea,Bengaluru,data+scientist+intern,Data Science Intern,Unique Technologies,"Bengaluru, Karnataka",NOT_FOUND,NOT_FOUND,/company/Unique-Technologies/jobs/Data-Science-Intern-7b4d7501bd7d4fea?fccid=ae532c35a4f1f866&vjs=3,25 days ago,NOT_FOUND
22,p_0f869da83c245ac6,Bengaluru,data+scientist+intern,GO-FOOD Intern,GO-JEK,"Bengaluru, Karnataka",NOT_FOUND,NOT_FOUND,/rc/clk?jk=0f869da83c245ac6&fccid=35c79097c1f63f3d&vjs=3,1 day ago,NOT_FOUND
23,p_52b1ac12c18a91e7,Bengaluru,data+scientist+intern,Applied Scientist - Intern,ADCI - Karnataka,"Bengaluru, Karnataka",NOT_FOUND,NOT_FOUND,/rc/clk?jk=52b1ac12c18a91e7&fccid=fe2d21eef233e94a&vjs=3,30+ days ago,NOT_FOUND
24,p_00071a9eb98a6221,Bengaluru,data+scientist+intern,Head of Campus and Early Career Hiring,Google,"Bengaluru, Karnataka",NOT_FOUND,NOT_FOUND,/rc/clk?jk=00071a9eb98a6221&fccid=a5b4499d9e91a5c6&vjs=3,2 days ago,NOT_FOUND
25,p_ddfc6571ea82e80b,Bengaluru,data+scientist+intern,Image Processing (Python) Internship,Gifto Retail Technologies,"Bengaluru, Karnataka",NOT_FOUND,NOT_FOUND,/rc/clk?jk=ddfc6571ea82e80b&fccid=016cfd9371c7c4ba&vjs=3,18 hours ago,NOT_FOUND
26,p_da58b630775c8146,Bengaluru,data+scientist+intern,"Senior Research Associate, Detergent Formulation Centre",Novozymes,"Bengaluru, Karnataka",NOT_FOUND,NOT_FOUND,/rc/clk?jk=da58b630775c8146&fccid=70bb6ba3b2bf0f0c&vjs=3,4 days ago,NOT_FOUND
27,p_b8abb52c927a4263,Bengaluru,data+scientist+intern,Software Development Internship,Dasceq LLP,"Bengaluru, Karnataka",NOT_FOUND,NOT_FOUND,/rc/clk?jk=b8abb52c927a4263&fccid=f369dddbcefd38a9&vjs=3,12 days ago,NOT_FOUND
28,p_51deab2906e6e143,Bengaluru,data+scientist+intern,Sales and Marketing Intern,Quaero,"Bengaluru, Karnataka",NOT_FOUND,NOT_FOUND,/rc/clk?jk=51deab2906e6e143&fccid=1658b5f10b7ecad4&vjs=3,17 days ago,NOT_FOUND
29,p_a9cf36affde393a5,Bengaluru,data+scientist+intern,HR Intern,Nabler,"Bengaluru, Karnataka",NOT_FOUND,NOT_FOUND,/rc/clk?jk=a9cf36affde393a5&fccid=21b643335ddde625&vjs=3,30+ days ago,NOT_FOUND
30,pj_7dfb0ec0c64b2518,Bengaluru,data+scientist+intern,MBA Marketing Intern,Analytics Saves at Work (aSaw),NOT_FOUND,NOT_FOUND,NOT_FOUND,/pagead/clk?mo=r&ad=-6NYlbfkN0DdajEbCx-KXIxdKnFi7XLqE9Qtjjzr22qLs4cyUK8MQDkrXIa-bYN_NjjpaSV35xRaiFU97SD0L02C_593uQgUhKWGQisY23e0upYzQ7KT5hQ1z-gAMaIY9_HVIudLxwWWNJCDT15UxJxpwOEzSP2GuKXY6ag7bFTdlCYZX5dny8N6jFoRHWfwXkeqy7DVzk_fu9yVey84nfD7zOM6rBRylHtN6WCDQuxcP8HOl9I-mMUiwam9eH86M3uaooJm3eaYAjWxs1MG4YXuR4nCGPnnQRxHX7f0cfR7tXEM0LyaLc99KdLB5mctLeJRgz2mNyWwhZxgqVVBycIieeWpuNEU0wkUtRdz8Ofnb5DxM9wBD2Y2w4V_MJlXm6ZVdzBnpTeC9O5fEJcXDdT94LD5wkp18bDavY0Uud1BX4toqQDbPArmK5AQlQNj&p=9&fvj=1&vjs=3,NOT_FOUND,NOT_FOUND
31,p_7b4d7501bd7d4fea,Bengaluru,data+scientist+intern,Data Science Intern,Unique Technologies,"Bengaluru, Karnataka",NOT_FOUND,NOT_FOUND,/company/Unique-Technologies/jobs/Data-Science-Intern-7b4d7501bd7d4fea?fccid=ae532c35a4f1f866&vjs=3,25 days ago,NOT_FOUND
32,p_0f869da83c245ac6,Bengaluru,data+scientist+intern,GO-FOOD Intern,GO-JEK,"Bengaluru, Karnataka",NOT_FOUND,NOT_FOUND,/rc/clk?jk=0f869da83c245ac6&fccid=35c79097c1f63f3d&vjs=3,1 day ago,NOT_FOUND
33,p_52b1ac12c18a91e7,Bengaluru,data+scientist+intern,Applied Scientist - Intern,ADCI - Karnataka,"Bengaluru, Karnataka",NOT_FOUND,NOT_FOUND,/rc/clk?jk=52b1ac12c18a91e7&fccid=fe2d21eef233e94a&vjs=3,30+ days ago,NOT_FOUND
34,p_00071a9eb98a6221,Bengaluru,data+scientist+intern,Head of Campus and Early Career Hiring,Google,"Bengaluru, Karnataka",NOT_FOUND,NOT_FOUND,/rc/clk?jk=00071a9eb98a6221&fccid=a5b4499d9e91a5c6&vjs=3,2 days ago,NOT_FOUND
35,p_ddfc6571ea82e80b,Bengaluru,data+scientist+intern,Image Processing (Python) Internship,Gifto Retail Technologies,"Bengaluru, Karnataka",NOT_FOUND,NOT_FOUND,/rc/clk?jk=ddfc6571ea82e80b&fccid=016cfd9371c7c4ba&vjs=3,18 hours ago,NOT_FOUND
36,p_da58b630775c8146,Bengaluru,data+scientist+intern,"Senior Research Associate, Detergent Formulation Centre",Novozymes,"Bengaluru, Karnataka",NOT_FOUND,NOT_FOUND,/rc/clk?jk=da58b630775c8146&fccid=70bb6ba3b2bf0f0c&vjs=3,4 days ago,NOT_FOUND
37,p_b8abb52c927a4263,Bengaluru,data+scientist+intern,Software Development Internship,Dasceq LLP,"Bengaluru, Karnataka",NOT_FOUND,NOT_FOUND,/rc/clk?jk=b8abb52c927a4263&fccid=f369dddbcefd38a9&vjs=3,12 days ago,NOT_FOUND
38,p_51deab2906e6e143,Bengaluru,data+scientist+intern,Sales and Marketing Intern,Quaero,"Bengaluru, Karnataka",NOT_FOUND,NOT_FOUND,/rc/clk?jk=51deab2906e6e143&fccid=1658b5f10b7ecad4&vjs=3,17 days ago,NOT_FOUND
39,p_a9cf36affde393a5,Bengaluru,data+scientist+intern,HR Intern,Nabler,"Bengaluru, Karnataka",NOT_FOUND,NOT_FOUND,/rc/clk?jk=a9cf36affde393a5&fccid=21b643335ddde625&vjs=3,30+ days ago,NOT_FOUND
40,pj_7dfb0ec0c64b2518,Bengaluru,data+scientist+intern,MBA Marketing Intern,Analytics Saves at Work (aSaw),NOT_FOUND,NOT_FOUND,NOT_FOUND,/pagead/clk?mo=r&ad=-6NYlbfkN0DdajEbCx-KXIxdKnFi7XLqE9Qtjjzr22qLs4cyUK8MQDkrXIa-bYN_NjjpaSV35xRaiFU97SD0L02C_593uQgUhKWGQisY23e0upYzQ7KT5hQ1z-gAMaIY9_HVIudLxwWWNJCDT15UxJxpwOEzSP2GuKXY6ag7bFT2Dk6loBKpd2iuykwyTr26JE6IlSbonc43LWKmQvmgjjvvur-Mu2wwXgYAJvUDNdbuA8PVlFUbBPEtZa2DK-2tTUoA3Oj2eQBK0TWc1OLF1e2NPB-i2ArmOTKc8GQs9OXHmbCk-KyzVyWihY3qj3MNS8WxKuxvGb3lX8w1M_WgDIicbYWYPiSxSH7ifkqH_eISBH2QrHFV-mZW0okv2IieJ9LXrw5FVBpJBkQG2dUyQGfj0e78g-YNZBgWHU40cadDeR8YasQ8TxeNzzE528P8&p=9&fvj=1&vjs=3,NOT_FOUND,NOT_FOUND
41,p_7b4d7501bd7d4fea,Bengaluru,data+scientist+intern,Data Science Intern,Unique Technologies,"Bengaluru, Karnataka",NOT_FOUND,NOT_FOUND,/company/Unique-Technologies/jobs/Data-Science-Intern-7b4d7501bd7d4fea?fccid=ae532c35a4f1f866&vjs=3,25 days ago,NOT_FOUND
42,p_0f869da83c245ac6,Bengaluru,data+scientist+intern,GO-FOOD Intern,GO-JEK,"Bengaluru, Karnataka",NOT_FOUND,NOT_FOUND,/rc/clk?jk=0f869da83c245ac6&fccid=35c79097c1f63f3d&vjs=3,1 day ago,NOT_FOUND
43,p_52b1ac12c18a91e7,Bengaluru,data+scientist+intern,Applied Scientist - Intern,ADCI - Karnataka,"Bengaluru, Karnataka",NOT_FOUND,NOT_FOUND,/rc/clk?jk=52b1ac12c18a91e7&fccid=fe2d21eef233e94a&vjs=3,30+ days ago,NOT_FOUND
44,p_00071a9eb98a6221,Bengaluru,data+scientist+intern,Head of Campus and Early Career Hiring,Google,"Bengaluru, Karnataka",NOT_FOUND,NOT_FOUND,/rc/clk?jk=00071a9eb98a6221&fccid=a5b4499d9e91a5c6&vjs=3,2 days ago,NOT_FOUND
45,p_ddfc6571ea82e80b,Bengaluru,data+scientist+intern,Image Processing (Python) Internship,Gifto Retail Technologies,"Bengaluru, Karnataka",NOT_FOUND,NOT_FOUND,/rc/clk?jk=ddfc6571ea82e80b&fccid=016cfd9371c7c4ba&vjs=3,18 hours ago,NOT_FOUND
46,p_da58b630775c8146,Bengaluru,data+scientist+intern,"Senior Research Associate, Detergent Formulation Centre",Novozymes,"Bengaluru, Karnataka",NOT_FOUND,NOT_FOUND,/rc/clk?jk=da58b630775c8146&fccid=70bb6ba3b2bf0f0c&vjs=3,4 days ago,NOT_FOUND
47,p_b8abb52c927a4263,Bengaluru,data+scientist+intern,Software Development Internship,Dasceq LLP,"Bengaluru, Karnataka",NOT_FOUND,NOT_FOUND,/rc/clk?jk=b8abb52c927a4263&fccid=f369dddbcefd38a9&vjs=3,12 days ago,NOT_FOUND
48,p_51deab2906e6e143,Bengaluru,data+scientist+intern,Sales and Marketing Intern,Quaero,"Bengaluru, Karnataka",NOT_FOUND,NOT_FOUND,/rc/clk?jk=51deab2906e6e143&fccid=1658b5f10b7ecad4&vjs=3,17 days ago,NOT_FOUND
49,p_a9cf36affde393a5,Bengaluru,data+scientist+intern,HR Intern,Nabler,"Bengaluru, Karnataka",NOT_FOUND,NOT_FOUND,/rc/clk?jk=a9cf36affde393a5&fccid=21b643335ddde625&vjs=3,30+ days ago,NOT_FOUND
50,pj_7dfb0ec0c64b2518,Bengaluru,data+scientist+intern,MBA Marketing Intern,Analytics Saves at Work (aSaw),NOT_FOUND,NOT_FOUND,NOT_FOUND,/pagead/clk?mo=r&ad=-6NYlbfkN0DdajEbCx-KXIxdKnFi7XLqE9Qtjjzr22qLs4cyUK8MQDkrXIa-bYN_NjjpaSV35xRaiFU97SD0L02C_593uQgUhKWGQisY23e0upYzQ7KT5hQ1z-gAMaIY9_HVIudLxwWWNJCDT15UxJxpwOEzSP2GuKXY6ag7bFS-bgOOvlxPv-DPY_nzA112m7iLTuoxMeu_SUQJfGYb_w3lnrrfvtQD612XFxVXkMMmvQUF0ph3qkTY5II2n67vC647IVgBpcSHdS0qPzXyfRn_-pk2w1X2mViu_tx-W74WDBErr3rAWliqRw-mPOpqo11aLgwGNC5VK9ivieI-h_SiquVtkGDWMBnPVRMF5mwbgg5XVWZFqEXAnePFxP53QbTR7Ua8kz-VPQ0ydO3Qa8-okxvb2cVIjL2up5cQg1ai3kf0aS51KjSxcqRVfIgC&p=9&fvj=1&vjs=3,NOT_FOUND,NOT_FOUND
51,p_7b4d7501bd7d4fea,Bengaluru,data+scientist+intern,Data Science Intern,Unique Technologies,"Bengaluru, Karnataka",NOT_FOUND,NOT_FOUND,/company/Unique-Technologies/jobs/Data-Science-Intern-7b4d7501bd7d4fea?fccid=ae532c35a4f1f866&vjs=3,25 days ago,NOT_FOUND
52,p_0f869da83c245ac6,Bengaluru,data+scientist+intern,GO-FOOD Intern,GO-JEK,"Bengaluru, Karnataka",NOT_FOUND,NOT_FOUND,/rc/clk?jk=0f869da83c245ac6&fccid=35c79097c1f63f3d&vjs=3,1 day ago,NOT_FOUND
53,p_52b1ac12c18a91e7,Bengaluru,data+scientist+intern,Applied Scientist - Intern,ADCI - Karnataka,"Bengaluru, Karnataka",NOT_FOUND,NOT_FOUND,/rc/clk?jk=52b1ac12c18a91e7&fccid=fe2d21eef233e94a&vjs=3,5 months ago,NOT_FOUND
54,p_00071a9eb98a6221,Bengaluru,data+scientist+intern,Head of Campus and Early Career Hiring,Google,"Bengaluru, Karnataka",NOT_FOUND,NOT_FOUND,/rc/clk?jk=00071a9eb98a6221&fccid=a5b4499d9e91a5c6&vjs=3,2 days ago,NOT_FOUND
55,p_ddfc6571ea82e80b,Bengaluru,data+scientist+intern,Image Processing (Python) Internship,Gifto Retail Technologies,"Bengaluru, Karnataka",NOT_FOUND,NOT_FOUND,/rc/clk?jk=ddfc6571ea82e80b&fccid=016cfd9371c7c4ba&vjs=3,18 hours ago,NOT_FOUND
56,p_da58b630775c8146,Bengaluru,data+scientist+intern,"Senior Research Associate, Detergent Formulation Centre",Novozymes,"Bengaluru, Karnataka",NOT_FOUND,NOT_FOUND,/rc/clk?jk=da58b630775c8146&fccid=70bb6ba3b2bf0f0c&vjs=3,4 days ago,NOT_FOUND
57,p_b8abb52c927a4263,Bengaluru,data+scientist+intern,Software Development Internship,Dasceq LLP,"Bengaluru, Karnataka",NOT_FOUND,NOT_FOUND,/rc/clk?jk=b8abb52c927a4263&fccid=f369dddbcefd38a9&vjs=3,12 days ago,NOT_FOUND
58,p_51deab2906e6e143,Bengaluru,data+scientist+intern,Sales and Marketing Intern,Quaero,"Bengaluru, Karnataka",NOT_FOUND,NOT_FOUND,/rc/clk?jk=51deab2906e6e143&fccid=1658b5f10b7ecad4&vjs=3,17 days ago,NOT_FOUND
59,p_a9cf36affde393a5,Bengaluru,data+scientist+intern,HR Intern,Nabler,"Bengaluru, Karnataka",NOT_FOUND,NOT_FOUND,/rc/clk?jk=a9cf36affde393a5&fccid=21b643335ddde625&vjs=3,30+ days ago,NOT_FOUND
60,pj_7dfb0ec0c64b2518,Bengaluru,data+scientist+intern,MBA Marketing Intern,Analytics Saves at Work (aSaw),NOT_FOUND,NOT_FOUND,NOT_FOUND,/pagead/clk?mo=r&ad=-6NYlbfkN0DdajEbCx-KXIxdKnFi7XLqE9Qtjjzr22qLs4cyUK8MQDkrXIa-bYN_NjjpaSV35xRaiFU97SD0L02C_593uQgUhKWGQisY23e0upYzQ7KT5hQ1z-gAMaIY9_HVIudLxwWWNJCDT15UxJxpwOEzSP2GuKXY6ag7bFRKrxQEV6ip9r90QFDMvhtkV5k1BlUQvihhGtX5h2rrCM4l8fqfF6mx-6tcWRKJOTLn_E5hSBmy7J0uFkUW180hcopqylY98XhwbfYcnmmtsIkxFkfwfzljv0EAhAB5Vq1s7RdtWrkGlogmq0ENpwm7twYioKPesbMgvgOCZ11HKhB5csDsyX2ocsJ9zOSe1KGBMBpnAj1zKpBmPjo7MsULeBpAzHSpGVjUolY-ns0ID2OBW5wYNFikokmu2OH0r4eX2YfD2HI3IDC7bkgudmr1&p=9&fvj=1&vjs=3,NOT_FOUND,NOT_FOUND
61,p_7b4d7501bd7d4fea,Bengaluru,data+scientist+intern,Data Science Intern,Unique Technologies,"Bengaluru, Karnataka",NOT_FOUND,NOT_FOUND,/company/Unique-Technologies/jobs/Data-Science-Intern-7b4d7501bd7d4fea?fccid=ae532c35a4f1f866&vjs=3,25 days ago,NOT_FOUND
62,p_0f869da83c245ac6,Bengaluru,data+scientist+intern,GO-FOOD Intern,GO-JEK,"Bengaluru, Karnataka",NOT_FOUND,NOT_FOUND,/rc/clk?jk=0f869da83c245ac6&fccid=35c79097c1f63f3d&vjs=3,1 day ago,NOT_FOUND
63,p_52b1ac12c18a91e7,Bengaluru,data+scientist+intern,Applied Scientist - Intern,ADCI - Karnataka,"Bengaluru, Karnataka",NOT_FOUND,NOT_FOUND,/rc/clk?jk=52b1ac12c18a91e7&fccid=fe2d21eef233e94a&vjs=3,30+ days ago,NOT_FOUND
64,p_00071a9eb98a6221,Bengaluru,data+scientist+intern,Head of Campus and Early Career Hiring,Google,"Bengaluru, Karnataka",NOT_FOUND,NOT_FOUND,/rc/clk?jk=00071a9eb98a6221&fccid=a5b4499d9e91a5c6&vjs=3,2 days ago,NOT_FOUND
65,p_ddfc6571ea82e80b,Bengaluru,data+scientist+intern,Image Processing (Python) Internship,Gifto Retail Technologies,"Bengaluru, Karnataka",NOT_FOUND,NOT_FOUND,/rc/clk?jk=ddfc6571ea82e80b&fccid=016cfd9371c7c4ba&vjs=3,18 hours ago,NOT_FOUND
66,p_da58b630775c8146,Bengaluru,data+scientist+intern,"Senior Research Associate, Detergent Formulation Centre",Novozymes,"Bengaluru, Karnataka",NOT_FOUND,NOT_FOUND,/rc/clk?jk=da58b630775c8146&fccid=70bb6ba3b2bf0f0c&vjs=3,4 days ago,NOT_FOUND
67,p_b8abb52c927a4263,Bengaluru,data+scientist+intern,Software Development Internship,Dasceq LLP,"Bengaluru, Karnataka",NOT_FOUND,NOT_FOUND,/rc/clk?jk=b8abb52c927a4263&fccid=f369dddbcefd38a9&vjs=3,12 days ago,NOT_FOUND
68,p_51deab2906e6e143,Bengaluru,data+scientist+intern,Sales and Marketing Intern,Quaero,"Bengaluru, Karnataka",NOT_FOUND,NOT_FOUND,/rc/clk?jk=51deab2906e6e143&fccid=1658b5f10b7ecad4&vjs=3,17 days ago,NOT_FOUND
69,p_a9cf36affde393a5,Bengaluru,data+scientist+intern,HR Intern,Nabler,"Bengaluru, Karnataka",NOT_FOUND,NOT_FOUND,/rc/clk?jk=a9cf36affde393a5&fccid=21b643335ddde625&vjs=3,30+ days ago,NOT_FOUND
70,pj_7dfb0ec0c64b2518,Bengaluru,data+scientist+intern,MBA Marketing Intern,Analytics Saves at Work (aSaw),NOT_FOUND,NOT_FOUND,NOT_FOUND,/pagead/clk?mo=r&ad=-6NYlbfkN0DdajEbCx-KXIxdKnFi7XLqE9Qtjjzr22qLs4cyUK8MQDkrXIa-bYN_NjjpaSV35xRaiFU97SD0L02C_593uQgUhKWGQisY23e0upYzQ7KT5hQ1z-gAMaIY9_HVIudLxwWWNJCDT15UxJxpwOEzSP2GDsJ8BiZkPxjNZeCglQiSg2GZ5J4PHKI8oVZ1HTBEPH869XAdiBIowo1l1UAz2TJAYwYq9LoHpIiwesyEoAYEUGDoCo8wi4gcw3rxuHp8nm_pxTQCYxB3thFwn1vj1TsM__GmWpQ5OeKBPjGG8eybhRsLwT5YxF2HVBs24cETtGOWQqBhAD9YGPDj7_L_89tB4--YtyKmcRMDBCoAnx5PVvo4WOPAE8yiAQndEBAXF_ZmO0fM5V2eQaDCnGAIt7r6kBMOd3hSH4qObm3FfxnyQGJZcXFrYws-&p=9&fvj=1&vjs=3,NOT_FOUND,NOT_FOUND
71,p_7b4d7501bd7d4fea,Bengaluru,data+scientist+intern,Data Science Intern,Unique Technologies,"Bengaluru, Karnataka",NOT_FOUND,NOT_FOUND,/company/Unique-Technologies/jobs/Data-Science-Intern-7b4d7501bd7d4fea?fccid=ae532c35a4f1f866&vjs=3,25 days ago,NOT_FOUND
72,p_0f869da83c245ac6,Bengaluru,data+scientist+intern,GO-FOOD Intern,GO-JEK,"Bengaluru, Karnataka",NOT_FOUND,NOT_FOUND,/rc/clk?jk=0f869da83c245ac6&fccid=35c79097c1f63f3d&vjs=3,1 day ago,NOT_FOUND
73,p_52b1ac12c18a91e7,Bengaluru,data+scientist+intern,Applied Scientist - Intern,ADCI - Karnataka,"Bengaluru, Karnataka",NOT_FOUND,NOT_FOUND,/rc/clk?jk=52b1ac12c18a91e7&fccid=fe2d21eef233e94a&vjs=3,30+ days ago,NOT_FOUND
74,p_00071a9eb98a6221,Bengaluru,data+scientist+intern,Head of Campus and Early Career Hiring,Google,"Bengaluru, Karnataka",NOT_FOUND,NOT_FOUND,/rc/clk?jk=00071a9eb98a6221&fccid=a5b4499d9e91a5c6&vjs=3,2 days ago,NOT_FOUND
75,p_ddfc6571ea82e80b,Bengaluru,data+scientist+intern,Image Processing (Python) Internship,Gifto Retail Technologies,"Bengaluru, Karnataka",NOT_FOUND,NOT_FOUND,/rc/clk?jk=ddfc6571ea82e80b&fccid=016cfd9371c7c4ba&vjs=3,18 hours ago,NOT_FOUND
76,p_da58b630775c8146,Bengaluru,data+scientist+intern,"Senior Research Associate, Detergent Formulation Centre",Novozymes,"Bengaluru, Karnataka",NOT_FOUND,NOT_FOUND,/rc/clk?jk=da58b630775c8146&fccid=70bb6ba3b2bf0f0c&vjs=3,4 days ago,NOT_FOUND
77,p_b8abb52c927a4263,Bengaluru,data+scientist+intern,Software Development Internship,Dasceq LLP,"Bengaluru, Karnataka",NOT_FOUND,NOT_FOUND,/rc/clk?jk=b8abb52c927a4263&fccid=f369dddbcefd38a9&vjs=3,12 days ago,NOT_FOUND
78,p_51deab2906e6e143,Bengaluru,data+scientist+intern,Sales and Marketing Intern,Quaero,"Bengaluru, Karnataka",NOT_FOUND,NOT_FOUND,/rc/clk?jk=51deab2906e6e143&fccid=1658b5f10b7ecad4&vjs=3,17 days ago,NOT_FOUND
79,p_a9cf36affde393a5,Bengaluru,data+scientist+intern,HR Intern,Nabler,"Bengaluru, Karnataka",NOT_FOUND,NOT_FOUND,/rc/clk?jk=a9cf36affde393a5&fccid=21b643335ddde625&vjs=3,30+ days ago,NOT_FOUND
80,pj_7dfb0ec0c64b2518,Bengaluru,data+scientist+intern,MBA Marketing Intern,Analytics Saves at Work (aSaw),NOT_FOUND,NOT_FOUND,NOT_FOUND,/pagead/clk?mo=r&ad=-6NYlbfkN0DdajEbCx-KXIxdKnFi7XLqE9Qtjjzr22qLs4cyUK8MQDkrXIa-bYN_NjjpaSV35xRaiFU97SD0L02C_593uQgUhKWGQisY23e0upYzQ7KT5hQ1z-gAMaIY9_HVIudLxwWWNJCDT15UxJxpwOEzSP2GDsJ8BiZkPxhNWGbb7g4CdlVFYAdXfebzRrtxFQ0kbQ0WogqYvVzID-pV3pUL3w0AdLk7jVGndFvtyieS8C2mRcoHY_6PCNkqaYb-pDUdisxcnCqInEwFMRsxfxe-nMNp8TgI1V0T1ppuzT3KefqV3vJvzGKd3ZD-mrWnLMC3iNcLLIQrBGCRg9iHc9fqM0Hyjpf98HFT8pwbBeWN1Ec39aoVLuKL3MVIUaDnfuEjJR_5TdarWH21EYSJVhUNDkJ0EMCmwHz_prW0M0wQG6dOzlScF9FbA4JA&p=9&fvj=1&vjs=3,NOT_FOUND,NOT_FOUND
81,p_7b4d7501bd7d4fea,Bengaluru,data+scientist+intern,Data Science Intern,Unique Technologies,"Bengaluru, Karnataka",NOT_FOUND,NOT_FOUND,/company/Unique-Technologies/jobs/Data-Science-Intern-7b4d7501bd7d4fea?fccid=ae532c35a4f1f866&vjs=3,25 days ago,NOT_FOUND
82,p_0f869da83c245ac6,Bengaluru,data+scientist+intern,GO-FOOD Intern,GO-JEK,"Bengaluru, Karnataka",NOT_FOUND,NOT_FOUND,/rc/clk?jk=0f869da83c245ac6&fccid=35c79097c1f63f3d&vjs=3,1 day ago,NOT_FOUND
83,p_52b1ac12c18a91e7,Bengaluru,data+scientist+intern,Applied Scientist - Intern,ADCI - Karnataka,"Bengaluru, Karnataka",NOT_FOUND,NOT_FOUND,/rc/clk?jk=52b1ac12c18a91e7&fccid=fe2d21eef233e94a&vjs=3,5 months ago,NOT_FOUND
84,p_00071a9eb98a6221,Bengaluru,data+scientist+intern,Head of Campus and Early Career Hiring,Google,"Bengaluru, Karnataka",NOT_FOUND,NOT_FOUND,/rc/clk?jk=00071a9eb98a6221&fccid=a5b4499d9e91a5c6&vjs=3,2 days ago,NOT_FOUND
85,p_ddfc6571ea82e80b,Bengaluru,data+scientist+intern,Image Processing (Python) Internship,Gifto Retail Technologies,"Bengaluru, Karnataka",NOT_FOUND,NOT_FOUND,/rc/clk?jk=ddfc6571ea82e80b&fccid=016cfd9371c7c4ba&vjs=3,18 hours ago,NOT_FOUND
86,p_da58b630775c8146,Bengaluru,data+scientist+intern,"Senior Research Associate, Detergent Formulation Centre",Novozymes,"Bengaluru, Karnataka",NOT_FOUND,NOT_FOUND,/rc/clk?jk=da58b630775c8146&fccid=70bb6ba3b2bf0f0c&vjs=3,4 days ago,NOT_FOUND
87,p_b8abb52c927a4263,Bengaluru,data+scientist+intern,Software Development Internship,Dasceq LLP,"Bengaluru, Karnataka",NOT_FOUND,NOT_FOUND,/rc/clk?jk=b8abb52c927a4263&fccid=f369dddbcefd38a9&vjs=3,12 days ago,NOT_FOUND
88,p_51deab2906e6e143,Bengaluru,data+scientist+intern,Sales and Marketing Intern,Quaero,"Bengaluru, Karnataka",NOT_FOUND,NOT_FOUND,/rc/clk?jk=51deab2906e6e143&fccid=1658b5f10b7ecad4&vjs=3,17 days ago,NOT_FOUND
89,p_a9cf36affde393a5,Bengaluru,data+scientist+intern,HR Intern,Nabler,"Bengaluru, Karnataka",NOT_FOUND,NOT_FOUND,/rc/clk?jk=a9cf36affde393a5&fccid=21b643335ddde625&vjs=3,30+ days ago,NOT_FOUND
90,pj_7dfb0ec0c64b2518,Bengaluru,data+scientist+intern,MBA Marketing Intern,Analytics Saves at Work (aSaw),NOT_FOUND,NOT_FOUND,NOT_FOUND,/pagead/clk?mo=r&ad=-6NYlbfkN0DdajEbCx-KXIxdKnFi7XLqE9Qtjjzr22qLs4cyUK8MQDkrXIa-bYN_NjjpaSV35xRaiFU97SD0L02C_593uQgUhKWGQisY23e0upYzQ7KT5hQ1z-gAMaIY9_HVIudLxwWWNJCDT15UxJxpwOEzSP2GDsJ8BiZkPxjnnzE7ZQXaBD-Csn6SOEXR37UfBbNxBHtsExrJRyRLtbhfC62qKYMzwhofosdEc593DDncrcBbbHlM4oZ1OG8kI8jJGRh80SQwGRtQ1F0KVl5gqQxjTAbDtiefSD_HykKXgDJ0ZBzA_Tgcdbx1YVYp_NhaI1xZBIQu0qjGj0DxQhiiiWjzWAeBbCjEGSDFRXucQU1pZrhDv7MuBfU1CCT5Xfz5gqGKwBFxI6xZBvE08U_O1oCKhefxUNxh5Fzn8AkuEf4W1IzdQEMl89uzTPkJ&p=9&fvj=1&vjs=3,NOT_FOUND,NOT_FOUND
91,p_7b4d7501bd7d4fea,Bengaluru,data+scientist+intern,Data Science Intern,Unique Technologies,"Bengaluru, Karnataka",NOT_FOUND,NOT_FOUND,/company/Unique-Technologies/jobs/Data-Science-Intern-7b4d7501bd7d4fea?fccid=ae532c35a4f1f866&vjs=3,25 days ago,NOT_FOUND
92,p_0f869da83c245ac6,Bengaluru,data+scientist+intern,GO-FOOD Intern,GO-JEK,"Bengaluru, Karnataka",NOT_FOUND,NOT_FOUND,/rc/clk?jk=0f869da83c245ac6&fccid=35c79097c1f63f3d&vjs=3,1 day ago,NOT_FOUND
93,p_52b1ac12c18a91e7,Bengaluru,data+scientist+intern,Applied Scientist - Intern,ADCI - Karnataka,"Bengaluru, Karnataka",NOT_FOUND,NOT_FOUND,/rc/clk?jk=52b1ac12c18a91e7&fccid=fe2d21eef233e94a&vjs=3,30+ days ago,NOT_FOUND
94,p_00071a9eb98a6221,Bengaluru,data+scientist+intern,Head of Campus and Early Career Hiring,Google,"Bengaluru, Karnataka",NOT_FOUND,NOT_FOUND,/rc/clk?jk=00071a9eb98a6221&fccid=a5b4499d9e91a5c6&vjs=3,2 days ago,NOT_FOUND
95,p_ddfc6571ea82e80b,Bengaluru,data+scientist+intern,Image Processing (Python) Internship,Gifto Retail Technologies,"Bengaluru, Karnataka",NOT_FOUND,NOT_FOUND,/rc/clk?jk=ddfc6571ea82e80b&fccid=016cfd9371c7c4ba&vjs=3,18 hours ago,NOT_FOUND
96,p_da58b630775c8146,Bengaluru,data+scientist+intern,"Senior Research Associate, Detergent Formulation Centre",Novozymes,"Bengaluru, Karnataka",NOT_FOUND,NOT_FOUND,/rc/clk?jk=da58b630775c8146&fccid=70bb6ba3b2bf0f0c&vjs=3,4 days ago,NOT_FOUND
97,p_b8abb52c927a4263,Bengaluru,data+scientist+intern,Software Development Internship,Dasceq LLP,"Bengaluru, Karnataka",NOT_FOUND,NOT_FOUND,/rc/clk?jk=b8abb52c927a4263&fccid=f369dddbcefd38a9&vjs=3,12 days ago,NOT_FOUND
98,p_51deab2906e6e143,Bengaluru,data+scientist+intern,Sales and Marketing Intern,Quaero,"Bengaluru, Karnataka",NOT_FOUND,NOT_FOUND,/rc/clk?jk=51deab2906e6e143&fccid=1658b5f10b7ecad4&vjs=3,17 days ago,NOT_FOUND
99,p_a9cf36affde393a5,Bengaluru,data+scientist+intern,HR Intern,Nabler,"Bengaluru, Karnataka",NOT_FOUND,NOT_FOUND,/rc/clk?jk=a9cf36affde393a5&fccid=21b643335ddde625&vjs=3,30+ days ago,NOT_FOUND
100,pj_7dfb0ec0c64b2518,Bengaluru,data+scientist+intern,MBA Marketing Intern,Analytics Saves at Work (aSaw),NOT_FOUND,NOT_FOUND,NOT_FOUND,/pagead/clk?mo=r&ad=-6NYlbfkN0DdajEbCx-KXIxdKnFi7XLqE9Qtjjzr22qLs4cyUK8MQDkrXIa-bYN_NjjpaSV35xRaiFU97SD0L02C_593uQgUhKWGQisY23e0upYzQ7KT5hQ1z-gAMaIY9_HVIudLxwWWNJCDT15UxJxpwOEzSP2GDAUYLSOrUBbBOOAR-IYdaJeMjougHwp2xefsEKHeNJnzexnkdaqCMdd5np-rcy2uLcCxGberpeKtqgz24boPHY_HdMBm2BlekjLTTEjnJ_r3Q84M2GKay0Fp8dGMGLJDi_FtrlfYSpW5YdEEZyfTF7IgtP-63evGDr9a7vfC_u_6xJyV6tbprBFsA1_ZzNlIssPlo0ypl0Ui5HPUmzn-9u1B7-BrQv-ZmWvS1EIMMfQjXKxXSiDjUQkLYrm8Y3_LIa4wPsA_sH065OEbvL799Lmkfujz4AIk&p=9&fvj=1&vjs=3,NOT_FOUND,NOT_FOUND
